Date,Value
01/01/2010,584
01/02/2010,606
01/03/2010,294
01/04/2010,224
01/05/2010,296
01/06/2010,700
01/07/2010,1530
01/08/2010,881
01/09/2010,312
01/10/2010,267
01/11/2010,97
01/12/2010,146
01/01/2010,608
01/02/2010,623
01/03/2010,306
01/04/2010,205
01/05/2010,295
01/06/2010,381
01/07/2010,686
01/08/2010,417
01/09/2010,174
01/10/2010,101
01/11/2010,77
01/12/2010,87
01/01/2010,121
01/02/2010,124
01/03/2010,119
01/04/2010,114
01/05/2010,185
01/06/2010,294
01/07/2010,420
01/08/2010,215
01/09/2010,122
01/10/2010,56
01/11/2010,23
01/12/2010,19
01/01/2010,211
01/02/2010,174
01/03/2010,116
01/04/2010,89
01/05/2010,114
01/06/2010,176
01/07/2010,341
01/08/2010,230
01/09/2010,91
01/10/2010,64
01/11/2010,22
01/12/2010,16
01/01/2010,138
01/02/2010,113
01/03/2010,35
01/04/2010,46
01/05/2010,35
01/06/2010,35
01/07/2010,97
01/08/2010,43
01/09/2010,23
01/10/2010,21
01/11/2010,19
01/12/2010,45
01/01/2010,28
01/02/2010,11
01/03/2010,15
01/04/2010,6
01/05/2010,14
01/06/2010,13
01/07/2010,45
01/08/2010,44
01/09/2010,21
01/10/2010,21
01/11/2010,6
01/12/2010,3
01/01/2010,36
01/02/2010,79
01/03/2010,86
01/04/2010,115
01/05/2010,83
01/06/2010,145
01/07/2010,228
01/08/2010,169
01/09/2010,105
01/10/2010,49
01/11/2010,11
01/12/2010,7
01/01/2010,49
01/02/2010,128
01/03/2010,85
01/04/2010,45
01/05/2010,29
01/06/2010,82
01/07/2010,161
01/08/2010,122
01/09/2010,67
01/10/2010,24
01/11/2010,7
01/12/2010,10
01/01/2010,36
01/02/2010,44
01/03/2010,41
01/04/2010,29
01/05/2010,28
01/06/2010,67
01/07/2010,148
01/08/2010,110
01/09/2010,62
01/10/2010,25
01/11/2010,15
01/12/2010,9
01/01/2010,858
01/02/2010,878
01/03/2010,170
01/04/2010,145
01/05/2010,82
01/06/2010,237
01/07/2010,236
01/08/2010,96
01/09/2010,40
01/10/2010,78
01/11/2010,79
01/12/2010,121
01/01/2010,0
01/02/2010,0
01/03/2010,0
01/04/2010,1
01/05/2010,0
01/06/2010,4
01/07/2010,5
01/08/2010,18
01/09/2010,12
01/10/2010,2
01/11/2010,5
01/12/2010,6
01/01/2010,26
01/02/2010,23
01/03/2010,14
01/04/2010,16
01/05/2010,9
01/06/2010,55
01/07/2010,94
01/08/2010,222
01/09/2010,62
01/10/2010,28
01/11/2010,14
01/12/2010,5
01/01/2010,336
01/02/2010,91
01/03/2010,40
01/04/2010,14
01/05/2010,6
01/06/2010,21
01/07/2010,27
01/08/2010,22
01/09/2010,12
01/10/2010,3
01/11/2010,3
01/12/2010,4
01/01/2010,0
01/02/2010,0
01/03/2010,0
01/04/2010,0
01/05/2010,1
01/06/2010,0
01/07/2010,2
01/08/2010,8
01/09/2010,7
01/10/2010,3
01/11/2010,1
01/12/2010,1
01/01/2010,305
01/02/2010,314
01/03/2010,202
01/04/2010,184
01/05/2010,48
01/06/2010,59
01/07/2010,59
01/08/2010,25
01/09/2010,4
01/10/2010,8
01/11/2010,13
01/12/2010,29
01/01/2010,12
01/02/2010,13
01/03/2010,25
01/04/2010,19
01/05/2010,9
01/06/2010,6
01/07/2010,30
01/08/2010,21
01/09/2010,19
01/10/2010,5
01/11/2010,1
01/12/2010,8
01/01/2010,233
01/02/2010,283
01/03/2010,145
01/04/2010,60
01/05/2010,22
01/06/2010,38
01/07/2010,89
01/08/2010,46
01/09/2010,21
01/10/2010,17
01/11/2010,11
01/12/2010,22
01/01/2010,197
01/02/2010,142
01/03/2010,99
01/04/2010,54
01/05/2010,100
01/06/2010,151
01/07/2010,300
01/08/2010,214
01/09/2010,78
01/10/2010,47
01/11/2010,21
01/12/2010,26
01/01/2010,208
01/02/2010,189
01/03/2010,86
01/04/2010,50
01/05/2010,51
01/06/2010,106
01/07/2010,137
01/08/2010,82
01/09/2010,49
01/10/2010,31
01/11/2010,25
01/12/2010,45
01/01/2010,267
01/02/2010,296
01/03/2010,131
01/04/2010,48
01/05/2010,21
01/06/2010,38
01/07/2010,83
01/08/2010,67
01/09/2010,60
01/10/2010,33
01/11/2010,26
01/12/2010,40
01/01/2010,33
01/02/2010,42
01/03/2010,34
01/04/2010,50
01/05/2010,60
01/06/2010,61
01/07/2010,51
01/08/2010,30
01/09/2010,21
01/10/2010,8
01/11/2010,5
01/12/2010,7
01/01/2010,71
01/02/2010,68
01/03/2010,49
01/04/2010,47
01/05/2010,69
01/06/2010,118
01/07/2010,372
01/08/2010,319
01/09/2010,120
01/10/2010,43
01/11/2010,26
01/12/2010,40
01/01/2010,50
01/02/2010,39
01/03/2010,55
01/04/2010,67
01/05/2010,53
01/06/2010,93
01/07/2010,314
01/08/2010,219
01/09/2010,65
01/10/2010,50
01/11/2010,42
01/12/2010,24
01/01/2010,93
01/02/2010,141
01/03/2010,234
01/04/2010,270
01/05/2010,274
01/06/2010,432
01/07/2010,492
01/08/2010,438
01/09/2010,246
01/10/2010,118
01/11/2010,53
01/12/2010,46
01/01/2010,90
01/02/2010,136
01/03/2010,76
01/04/2010,49
01/05/2010,53
01/06/2010,117
01/07/2010,161
01/08/2010,104
01/09/2010,64
01/10/2010,25
01/11/2010,22
01/12/2010,21
01/01/2010,215
01/02/2010,174
01/03/2010,71
01/04/2010,57
01/05/2010,13
01/06/2010,8
01/07/2010,5
01/08/2010,9
01/09/2010,6
01/10/2010,10
01/11/2010,23
01/12/2010,15
01/01/2011,309
01/02/2011,392
01/03/2011,340
01/04/2011,528
01/05/2011,698
01/06/2011,1610
01/07/2011,2085
01/08/2011,824
01/09/2011,863
01/10/2011,599
01/11/2011,536
01/12/2011,1339
01/01/2011,134
01/02/2011,119
01/03/2011,141
01/04/2011,183
01/05/2011,218
01/06/2011,537
01/07/2011,911
01/08/2011,428
01/09/2011,367
01/10/2011,321
01/11/2011,347
01/12/2011,668
01/01/2011,48
01/02/2011,52
01/03/2011,57
01/04/2011,133
01/05/2011,148
01/06/2011,185
01/07/2011,188
01/08/2011,107
01/09/2011,93
01/10/2011,100
01/11/2011,111
01/12/2011,194
01/01/2011,26
01/02/2011,28
01/03/2011,32
01/04/2011,62
01/05/2011,53
01/06/2011,81
01/07/2011,218
01/08/2011,99
01/09/2011,251
01/10/2011,255
01/11/2011,182
01/12/2011,348
01/01/2011,10
01/02/2011,18
01/03/2011,16
01/04/2011,20
01/05/2011,37
01/06/2011,53
01/07/2011,66
01/08/2011,25
01/09/2011,26
01/10/2011,17
01/11/2011,21
01/12/2011,56
01/01/2011,3
01/02/2011,8
01/03/2011,9
01/04/2011,19
01/05/2011,17
01/06/2011,20
01/07/2011,50
01/08/2011,10
01/09/2011,31
01/10/2011,43
01/11/2011,17
01/12/2011,25
01/01/2011,7
01/02/2011,19
01/03/2011,30
01/04/2011,57
01/05/2011,98
01/06/2011,112
01/07/2011,168
01/08/2011,100
01/09/2011,96
01/10/2011,50
01/11/2011,49
01/12/2011,93
01/01/2011,16
01/02/2011,8
01/03/2011,27
01/04/2011,70
01/05/2011,87
01/06/2011,48
01/07/2011,51
01/08/2011,18
01/09/2011,19
01/10/2011,13
01/11/2011,20
01/12/2011,39
01/01/2011,14
01/02/2011,18
01/03/2011,35
01/04/2011,55
01/05/2011,57
01/06/2011,51
01/07/2011,83
01/08/2011,27
01/09/2011,63
01/10/2011,72
01/11/2011,141
01/12/2011,179
01/01/2011,58
01/02/2011,34
01/03/2011,24
01/04/2011,20
01/05/2011,10
01/06/2011,16
01/07/2011,35
01/08/2011,33
01/09/2011,46
01/10/2011,19
01/11/2011,34
01/12/2011,71
01/01/2011,2
01/02/2011,4
01/03/2011,10
01/04/2011,13
01/05/2011,4
01/06/2011,3
01/07/2011,3
01/08/2011,5
01/09/2011,8
01/10/2011,3
01/11/2011,4
01/12/2011,7
01/01/2011,8
01/02/2011,5
01/03/2011,4
01/04/2011,2
01/05/2011,2
01/06/2011,2
01/07/2011,2
01/08/2011,1
01/09/2011,0
01/10/2011,17
01/11/2011,8
01/12/2011,49
01/01/2011,13
01/02/2011,3
01/03/2011,15
01/04/2011,5
01/05/2011,7
01/06/2011,11
01/07/2011,8
01/08/2011,2
01/09/2011,3
01/10/2011,3
01/11/2011,4
01/12/2011,7
01/01/2011,2
01/02/2011,3
01/03/2011,0
01/04/2011,1
01/05/2011,1
01/06/2011,7
01/07/2011,1
01/08/2011,0
01/09/2011,0
01/10/2011,1
01/11/2011,2
01/12/2011,1
01/01/2011,31
01/02/2011,41
01/03/2011,104
01/04/2011,185
01/05/2011,141
01/06/2011,112
01/07/2011,53
01/08/2011,21
01/09/2011,35
01/10/2011,123
01/11/2011,289
01/12/2011,558
01/01/2011,12
01/02/2011,6
01/03/2011,2
01/04/2011,20
01/05/2011,10
01/06/2011,29
01/07/2011,20
01/08/2011,11
01/09/2011,24
01/10/2011,13
01/11/2011,16
01/12/2011,33
01/01/2011,7
01/02/2011,17
01/03/2011,25
01/04/2011,25
01/05/2011,12
01/06/2011,19
01/07/2011,21
01/08/2011,6
01/09/2011,10
01/10/2011,3
01/11/2011,8
01/12/2011,24
01/01/2011,31
01/02/2011,49
01/03/2011,60
01/04/2011,59
01/05/2011,91
01/06/2011,116
01/07/2011,178
01/08/2011,84
01/09/2011,84
01/10/2011,71
01/11/2011,82
01/12/2011,135
01/01/2011,72
01/02/2011,64
01/03/2011,49
01/04/2011,28
01/05/2011,21
01/06/2011,52
01/07/2011,62
01/08/2011,23
01/09/2011,31
01/10/2011,27
01/11/2011,40
01/12/2011,102
01/01/2011,21
01/02/2011,18
01/03/2011,14
01/04/2011,21
01/05/2011,31
01/06/2011,39
01/07/2011,43
01/08/2011,21
01/09/2011,22
01/10/2011,24
01/11/2011,12
01/12/2011,33
01/01/2011,5
01/02/2011,38
01/03/2011,20
01/04/2011,28
01/05/2011,38
01/06/2011,44
01/07/2011,36
01/08/2011,23
01/09/2011,18
01/10/2011,16
01/11/2011,6
01/12/2011,32
01/01/2011,22
01/02/2011,21
01/03/2011,15
01/04/2011,36
01/05/2011,31
01/06/2011,65
01/07/2011,201
01/08/2011,54
01/09/2011,46
01/10/2011,39
01/11/2011,49
01/12/2011,53
01/01/2011,17
01/02/2011,24
01/03/2011,15
01/04/2011,33
01/05/2011,16
01/06/2011,18
01/07/2011,32
01/08/2011,17
01/09/2011,34
01/10/2011,30
01/11/2011,40
01/12/2011,36
01/01/2011,47
01/02/2011,38
01/03/2011,40
01/04/2011,113
01/05/2011,89
01/06/2011,118
01/07/2011,153
01/08/2011,86
01/09/2011,117
01/10/2011,87
01/11/2011,91
01/12/2011,181
01/01/2011,15
01/02/2011,24
01/03/2011,28
01/04/2011,51
01/05/2011,48
01/06/2011,120
01/07/2011,141
01/08/2011,81
01/09/2011,156
01/10/2011,176
01/11/2011,88
01/12/2011,152
01/01/2011,3
01/02/2011,1
01/03/2011,6
01/04/2011,4
01/05/2011,2
01/06/2011,3
01/07/2011,8
01/08/2011,0
01/09/2011,2
01/10/2011,5
01/11/2011,6
01/12/2011,48
01/01/2012,1066
01/02/2012,744
01/03/2012,630
01/04/2012,412
01/05/2012,583
01/06/2012,1251
01/07/2012,1314
01/08/2012,1231
01/09/2012,525
01/10/2012,726
01/11/2012,853
01/12/2012,682
01/01/2012,847
01/02/2012,640
01/03/2012,447
01/04/2012,367
01/05/2012,397
01/06/2012,1180
01/07/2012,969
01/08/2012,884
01/09/2012,479
01/10/2012,570
01/11/2012,737
01/12/2012,489
01/01/2012,180
01/02/2012,260
01/03/2012,209
01/04/2012,205
01/05/2012,182
01/06/2012,364
01/07/2012,348
01/08/2012,339
01/09/2012,156
01/10/2012,192
01/11/2012,213
01/12/2012,143
01/01/2012,270
01/02/2012,194
01/03/2012,114
01/04/2012,122
01/05/2012,194
01/06/2012,298
01/07/2012,287
01/08/2012,355
01/09/2012,135
01/10/2012,177
01/11/2012,185
01/12/2012,186
01/01/2012,45
01/02/2012,47
01/03/2012,59
01/04/2012,35
01/05/2012,32
01/06/2012,81
01/07/2012,29
01/08/2012,62
01/09/2012,46
01/10/2012,44
01/11/2012,47
01/12/2012,69
01/01/2012,24
01/02/2012,35
01/03/2012,41
01/04/2012,25
01/05/2012,18
01/06/2012,58
01/07/2012,30
01/08/2012,30
01/09/2012,21
01/10/2012,17
01/11/2012,30
01/12/2012,13
01/01/2012,105
01/02/2012,105
01/03/2012,161
01/04/2012,90
01/05/2012,99
01/06/2012,221
01/07/2012,217
01/08/2012,241
01/09/2012,78
01/10/2012,60
01/11/2012,78
01/12/2012,58
01/01/2012,58
01/02/2012,66
01/03/2012,45
01/04/2012,37
01/05/2012,31
01/06/2012,59
01/07/2012,51
01/08/2012,78
01/09/2012,33
01/10/2012,53
01/11/2012,60
01/12/2012,33
01/01/2012,186
01/02/2012,147
01/03/2012,155
01/04/2012,94
01/05/2012,84
01/06/2012,147
01/07/2012,186
01/08/2012,241
01/09/2012,141
01/10/2012,196
01/11/2012,158
01/12/2012,100
01/01/2012,91
01/02/2012,40
01/03/2012,43
01/04/2012,24
01/05/2012,27
01/06/2012,34
01/07/2012,26
01/08/2012,36
01/09/2012,41
01/10/2012,143
01/11/2012,205
01/12/2012,184
01/01/2012,8
01/02/2012,2
01/03/2012,5
01/04/2012,3
01/05/2012,19
01/06/2012,16
01/07/2012,8
01/08/2012,11
01/09/2012,6
01/10/2012,2
01/11/2012,5
01/12/2012,8
01/01/2012,38
01/02/2012,16
01/03/2012,10
01/04/2012,9
01/05/2012,6
01/06/2012,15
01/07/2012,19
01/08/2012,11
01/09/2012,2
01/10/2012,6
01/11/2012,21
01/12/2012,33
01/01/2012,13
01/02/2012,5
01/03/2012,5
01/04/2012,2
01/05/2012,5
01/06/2012,2
01/07/2012,3
01/08/2012,16
01/09/2012,20
01/10/2012,13
01/11/2012,9
01/12/2012,11
01/01/2012,2
01/02/2012,1
01/03/2012,1
01/04/2012,1
01/05/2012,3
01/06/2012,4
01/07/2012,5
01/08/2012,3
01/09/2012,2
01/10/2012,0
01/11/2012,6
01/12/2012,14
01/01/2012,263
01/02/2012,116
01/03/2012,91
01/04/2012,32
01/05/2012,35
01/06/2012,32
01/07/2012,11
01/08/2012,21
01/09/2012,7
01/10/2012,26
01/11/2012,36
01/12/2012,47
01/01/2012,18
01/02/2012,6
01/03/2012,4
01/04/2012,9
01/05/2012,21
01/06/2012,15
01/07/2012,29
01/08/2012,13
01/09/2012,9
01/10/2012,11
01/11/2012,14
01/12/2012,6
01/01/2012,23
01/02/2012,23
01/03/2012,26
01/04/2012,6
01/05/2012,8
01/06/2012,16
01/07/2012,8
01/08/2012,13
01/09/2012,7
01/10/2012,5
01/11/2012,15
01/12/2012,18
01/01/2012,159
01/02/2012,148
01/03/2012,114
01/04/2012,100
01/05/2012,140
01/06/2012,342
01/07/2012,406
01/08/2012,401
01/09/2012,320
01/10/2012,311
01/11/2012,497
01/12/2012,599
01/01/2012,131
01/02/2012,101
01/03/2012,69
01/04/2012,55
01/05/2012,98
01/06/2012,178
01/07/2012,98
01/08/2012,142
01/09/2012,253
01/10/2012,159
01/11/2012,251
01/12/2012,265
01/01/2012,38
01/02/2012,37
01/03/2012,36
01/04/2012,26
01/05/2012,29
01/06/2012,56
01/07/2012,31
01/08/2012,34
01/09/2012,26
01/10/2012,27
01/11/2012,34
01/12/2012,119
01/01/2012,25
01/02/2012,27
01/03/2012,21
01/04/2012,11
01/05/2012,17
01/06/2012,37
01/07/2012,22
01/08/2012,38
01/09/2012,12
01/10/2012,21
01/11/2012,15
01/12/2012,43
01/01/2012,40
01/02/2012,22
01/03/2012,13
01/04/2012,11
01/05/2012,20
01/06/2012,57
01/07/2012,48
01/08/2012,40
01/09/2012,35
01/10/2012,41
01/11/2012,49
01/12/2012,54
01/01/2012,16
01/02/2012,23
01/03/2012,23
01/04/2012,15
01/05/2012,22
01/06/2012,38
01/07/2012,33
01/08/2012,36
01/09/2012,16
01/10/2012,17
01/11/2012,29
01/12/2012,19
01/01/2012,126
01/02/2012,153
01/03/2012,160
01/04/2012,183
01/05/2012,257
01/06/2012,874
01/07/2012,621
01/08/2012,648
01/09/2012,310
01/10/2012,194
01/11/2012,262
01/12/2012,150
01/01/2012,173
01/02/2012,144
01/03/2012,121
01/04/2012,146
01/05/2012,213
01/06/2012,557
01/07/2012,385
01/08/2012,331
01/09/2012,174
01/10/2012,148
01/11/2012,156
01/12/2012,157
01/01/2012,41
01/02/2012,43
01/03/2012,25
01/04/2012,8
01/05/2012,10
01/06/2012,23
01/07/2012,9
01/08/2012,11
01/09/2012,3
01/10/2012,22
01/11/2012,69
01/12/2012,138
01/01/2013,757
01/02/2013,845
01/03/2013,791
01/04/2013,610
01/05/2013,748
01/06/2013,830
01/07/2013,1168
01/08/2013,1298
01/09/2013,685
01/10/2013,619
01/11/2013,1173
01/12/2013,1259
01/01/2013,463
01/02/2013,321
01/03/2013,289
01/04/2013,212
01/05/2013,319
01/06/2013,273
01/07/2013,385
01/08/2013,394
01/09/2013,245
01/10/2013,237
01/11/2013,383
01/12/2013,308
01/01/2013,159
01/02/2013,153
01/03/2013,168
01/04/2013,115
01/05/2013,164
01/06/2013,140
01/07/2013,178
01/08/2013,210
01/09/2013,148
01/10/2013,108
01/11/2013,166
01/12/2013,219
01/01/2013,193
01/02/2013,215
01/03/2013,134
01/04/2013,83
01/05/2013,156
01/06/2013,186
01/07/2013,191
01/08/2013,240
01/09/2013,110
01/10/2013,59
01/11/2013,96
01/12/2013,100
01/01/2013,48
01/02/2013,47
01/03/2013,49
01/04/2013,32
01/05/2013,30
01/06/2013,37
01/07/2013,52
01/08/2013,66
01/09/2013,32
01/10/2013,24
01/11/2013,39
01/12/2013,39
01/01/2013,17
01/02/2013,32
01/03/2013,30
01/04/2013,15
01/05/2013,16
01/06/2013,21
01/07/2013,27
01/08/2013,40
01/09/2013,13
01/10/2013,16
01/11/2013,18
01/12/2013,27
01/01/2013,57
01/02/2013,60
01/03/2013,92
01/04/2013,57
01/05/2013,108
01/06/2013,100
01/07/2013,84
01/08/2013,93
01/09/2013,79
01/10/2013,34
01/11/2013,68
01/12/2013,108
01/01/2013,32
01/02/2013,35
01/03/2013,40
01/04/2013,30
01/05/2013,22
01/06/2013,21
01/07/2013,28
01/08/2013,43
01/09/2013,23
01/10/2013,24
01/11/2013,22
01/12/2013,25
01/01/2013,48
01/02/2013,75
01/03/2013,65
01/04/2013,28
01/05/2013,36
01/06/2013,31
01/07/2013,54
01/08/2013,34
01/09/2013,27
01/10/2013,19
01/11/2013,32
01/12/2013,37
01/01/2013,100
01/02/2013,77
01/03/2013,84
01/04/2013,115
01/05/2013,70
01/06/2013,30
01/07/2013,23
01/08/2013,43
01/09/2013,35
01/10/2013,48
01/11/2013,52
01/12/2013,125
01/01/2013,7
01/02/2013,4
01/03/2013,7
01/04/2013,5
01/05/2013,4
01/06/2013,7
01/07/2013,0
01/08/2013,16
01/09/2013,7
01/10/2013,3
01/11/2013,3
01/12/2013,6
01/01/2013,23
01/02/2013,10
01/03/2013,7
01/04/2013,4
01/05/2013,10
01/06/2013,2
01/07/2013,1
01/08/2013,2
01/09/2013,4
01/10/2013,5
01/11/2013,1
01/12/2013,1
01/01/2013,11
01/02/2013,8
01/03/2013,12
01/04/2013,3
01/05/2013,8
01/06/2013,6
01/07/2013,7
01/08/2013,4
01/09/2013,4
01/10/2013,5
01/11/2013,10
01/12/2013,15
01/01/2013,12
01/02/2013,7
01/03/2013,17
01/04/2013,18
01/05/2013,20
01/06/2013,12
01/07/2013,6
01/08/2013,8
01/09/2013,9
01/10/2013,6
01/11/2013,10
01/12/2013,2
01/01/2013,52
01/02/2013,74
01/03/2013,93
01/04/2013,67
01/05/2013,79
01/06/2013,48
01/07/2013,32
01/08/2013,26
01/09/2013,19
01/10/2013,22
01/11/2013,14
01/12/2013,30
01/01/2013,14
01/02/2013,17
01/03/2013,20
01/04/2013,7
01/05/2013,11
01/06/2013,15
01/07/2013,26
01/08/2013,26
01/09/2013,25
01/10/2013,18
01/11/2013,28
01/12/2013,35
01/01/2013,25
01/02/2013,45
01/03/2013,31
01/04/2013,23
01/05/2013,20
01/06/2013,5
01/07/2013,15
01/08/2013,13
01/09/2013,5
01/10/2013,4
01/11/2013,7
01/12/2013,14
01/01/2013,720
01/02/2013,485
01/03/2013,303
01/04/2013,134
01/05/2013,194
01/06/2013,195
01/07/2013,154
01/08/2013,163
01/09/2013,105
01/10/2013,104
01/11/2013,98
01/12/2013,117
01/01/2013,175
01/02/2013,170
01/03/2013,98
01/04/2013,67
01/05/2013,53
01/06/2013,56
01/07/2013,46
01/08/2013,83
01/09/2013,39
01/10/2013,31
01/11/2013,51
01/12/2013,55
01/01/2013,80
01/02/2013,74
01/03/2013,90
01/04/2013,36
01/05/2013,47
01/06/2013,28
01/07/2013,23
01/08/2013,33
01/09/2013,38
01/10/2013,28
01/11/2013,30
01/12/2013,63
01/01/2013,34
01/02/2013,40
01/03/2013,47
01/04/2013,41
01/05/2013,28
01/06/2013,19
01/07/2013,43
01/08/2013,76
01/09/2013,47
01/10/2013,41
01/11/2013,45
01/12/2013,46
01/01/2013,42
01/02/2013,49
01/03/2013,45
01/04/2013,32
01/05/2013,46
01/06/2013,46
01/07/2013,77
01/08/2013,58
01/09/2013,38
01/10/2013,26
01/11/2013,50
01/12/2013,33
01/01/2013,34
01/02/2013,19
01/03/2013,27
01/04/2013,23
01/05/2013,17
01/06/2013,18
01/07/2013,28
01/08/2013,26
01/09/2013,19
01/10/2013,24
01/11/2013,20
01/12/2013,16
01/01/2013,131
01/02/2013,148
01/03/2013,220
01/04/2013,217
01/05/2013,253
01/06/2013,185
01/07/2013,169
01/08/2013,146
01/09/2013,90
01/10/2013,44
01/11/2013,70
01/12/2013,56
01/01/2013,134
01/02/2013,106
01/03/2013,99
01/04/2013,91
01/05/2013,113
01/06/2013,104
01/07/2013,98
01/08/2013,137
01/09/2013,62
01/10/2013,83
01/11/2013,117
01/12/2013,93
01/01/2013,94
01/02/2013,142
01/03/2013,138
01/04/2013,44
01/05/2013,42
01/06/2013,12
01/07/2013,9
01/08/2013,4
01/09/2013,4
01/10/2013,4
01/11/2013,8
01/12/2013,3
01/01/2014,1346
01/02/2014,684
01/03/2014,488
01/04/2014,539
01/05/2014,1744
01/06/2014,2289
01/07/2014,1859
01/08/2014,1104
01/09/2014,706
01/10/2014,1089
01/11/2014,1448
01/12/2014,1415
01/01/2014,632
01/02/2014,279
01/03/2014,191
01/04/2014,280
01/05/2014,921
01/06/2014,1111
01/07/2014,932
01/08/2014,772
01/09/2014,569
01/10/2014,1015
01/11/2014,1111
01/12/2014,998
01/01/2014,267
01/02/2014,175
01/03/2014,111
01/04/2014,117
01/05/2014,241
01/06/2014,429
01/07/2014,389
01/08/2014,239
01/09/2014,138
01/10/2014,158
01/11/2014,182
01/12/2014,185
01/01/2014,93
01/02/2014,49
01/03/2014,36
01/04/2014,47
01/05/2014,116
01/06/2014,270
01/07/2014,223
01/08/2014,247
01/09/2014,176
01/10/2014,289
01/11/2014,413
01/12/2014,377
01/01/2014,40
01/02/2014,35
01/03/2014,18
01/04/2014,14
01/05/2014,14
01/06/2014,81
01/07/2014,75
01/08/2014,55
01/09/2014,27
01/10/2014,81
01/11/2014,101
01/12/2014,108
01/01/2014,27
01/02/2014,14
01/03/2014,6
01/04/2014,11
01/05/2014,25
01/06/2014,60
01/07/2014,39
01/08/2014,34
01/09/2014,18
01/10/2014,29
01/11/2014,16
01/12/2014,35
01/01/2014,136
01/02/2014,49
01/03/2014,61
01/04/2014,35
01/05/2014,75
01/06/2014,139
01/07/2014,197
01/08/2014,107
01/09/2014,71
01/10/2014,125
01/11/2014,109
01/12/2014,120
01/01/2014,48
01/02/2014,34
01/03/2014,17
01/04/2014,26
01/05/2014,42
01/06/2014,121
01/07/2014,169
01/08/2014,36
01/09/2014,29
01/10/2014,51
01/11/2014,39
01/12/2014,53
01/01/2014,50
01/02/2014,31
01/03/2014,11
01/04/2014,13
01/05/2014,22
01/06/2014,63
01/07/2014,112
01/08/2014,82
01/09/2014,93
01/10/2014,130
01/11/2014,71
01/12/2014,70
01/01/2014,148
01/02/2014,92
01/03/2014,58
01/04/2014,59
01/05/2014,73
01/06/2014,89
01/07/2014,148
01/08/2014,123
01/09/2014,95
01/10/2014,212
01/11/2014,318
01/12/2014,424
01/01/2014,10
01/02/2014,10
01/03/2014,4
01/04/2014,6
01/05/2014,0
01/06/2014,1
01/07/2014,8
01/08/2014,3
01/09/2014,4
01/10/2014,10
01/11/2014,15
01/12/2014,19
01/01/2014,2
01/02/2014,1
01/03/2014,0
01/04/2014,1
01/05/2014,2
01/06/2014,20
01/07/2014,13
01/08/2014,10
01/09/2014,40
01/10/2014,68
01/11/2014,119
01/12/2014,83
01/01/2014,6
01/02/2014,12
01/03/2014,14
01/04/2014,9
01/05/2014,6
01/06/2014,33
01/07/2014,16
01/08/2014,5
01/09/2014,4
01/10/2014,7
01/11/2014,14
01/12/2014,16
01/01/2014,23
01/02/2014,9
01/03/2014,17
01/04/2014,4
01/05/2014,6
01/06/2014,10
01/07/2014,6
01/08/2014,6
01/09/2014,5
01/10/2014,5
01/11/2014,17
01/12/2014,26
01/01/2014,43
01/02/2014,66
01/03/2014,147
01/04/2014,92
01/05/2014,117
01/06/2014,97
01/07/2014,60
01/08/2014,22
01/09/2014,15
01/10/2014,40
01/11/2014,95
01/12/2014,176
01/01/2014,22
01/02/2014,16
01/03/2014,7
01/04/2014,13
01/05/2014,9
01/06/2014,21
01/07/2014,17
01/08/2014,19
01/09/2014,3
01/10/2014,10
01/11/2014,15
01/12/2014,6
01/01/2014,52
01/02/2014,38
01/03/2014,77
01/04/2014,115
01/05/2014,100
01/06/2014,55
01/07/2014,34
01/08/2014,18
01/09/2014,16
01/10/2014,22
01/11/2014,55
01/12/2014,79
01/01/2014,163
01/02/2014,106
01/03/2014,94
01/04/2014,61
01/05/2014,61
01/06/2014,303
01/07/2014,318
01/08/2014,296
01/09/2014,195
01/10/2014,287
01/11/2014,316
01/12/2014,264
01/01/2014,93
01/02/2014,42
01/03/2014,42
01/04/2014,27
01/05/2014,34
01/06/2014,83
01/07/2014,101
01/08/2014,65
01/09/2014,39
01/10/2014,84
01/11/2014,147
01/12/2014,159
01/01/2014,68
01/02/2014,44
01/03/2014,27
01/04/2014,39
01/05/2014,27
01/06/2014,61
01/07/2014,89
01/08/2014,39
01/09/2014,25
01/10/2014,51
01/11/2014,54
01/12/2014,108
01/01/2014,75
01/02/2014,45
01/03/2014,38
01/04/2014,33
01/05/2014,24
01/06/2014,62
01/07/2014,79
01/08/2014,33
01/09/2014,27
01/10/2014,42
01/11/2014,53
01/12/2014,47
01/01/2014,56
01/02/2014,43
01/03/2014,36
01/04/2014,12
01/05/2014,56
01/06/2014,90
01/07/2014,79
01/08/2014,84
01/09/2014,76
01/10/2014,129
01/11/2014,221
01/12/2014,231
01/01/2014,23
01/02/2014,24
01/03/2014,21
01/04/2014,9
01/05/2014,10
01/06/2014,34
01/07/2014,48
01/08/2014,32
01/09/2014,20
01/10/2014,27
01/11/2014,44
01/12/2014,21
01/01/2014,91
01/02/2014,43
01/03/2014,58
01/04/2014,52
01/05/2014,370
01/06/2014,866
01/07/2014,457
01/08/2014,343
01/09/2014,148
01/10/2014,171
01/11/2014,124
01/12/2014,100
01/01/2014,84
01/02/2014,58
01/03/2014,54
01/04/2014,60
01/05/2014,179
01/06/2014,320
01/07/2014,242
01/08/2014,231
01/09/2014,89
01/10/2014,132
01/11/2014,151
01/12/2014,124
01/01/2014,12
01/02/2014,12
01/03/2014,15
01/04/2014,8
01/05/2014,18
01/06/2014,28
01/07/2014,11
01/08/2014,17
01/09/2014,12
01/10/2014,33
01/11/2014,204
01/12/2014,147
01/01/2015,1802
01/02/2015,1101
01/03/2015,537
01/04/2015,317
01/05/2015,515
01/06/2015,515
01/07/2015,907
01/08/2015,711
01/09/2015,401
01/10/2015,769
01/11/2015,985
01/12/2015,1321
01/01/2015,817
01/02/2015,492
01/03/2015,255
01/04/2015,193
01/05/2015,264
01/06/2015,225
01/07/2015,317
01/08/2015,233
01/09/2015,186
01/10/2015,277
01/11/2015,387
01/12/2015,496
01/01/2015,276
01/02/2015,180
01/03/2015,106
01/04/2015,72
01/05/2015,86
01/06/2015,78
01/07/2015,125
01/08/2015,92
01/09/2015,57
01/10/2015,118
01/11/2015,167
01/12/2015,202
01/01/2015,253
01/02/2015,156
01/03/2015,95
01/04/2015,63
01/05/2015,71
01/06/2015,70
01/07/2015,64
01/08/2015,47
01/09/2015,62
01/10/2015,154
01/11/2015,120
01/12/2015,170
01/01/2015,166
01/02/2015,92
01/03/2015,26
01/04/2015,16
01/05/2015,10
01/06/2015,16
01/07/2015,8
01/08/2015,7
01/09/2015,8
01/10/2015,12
01/11/2015,18
01/12/2015,22
01/01/2015,38
01/02/2015,26
01/03/2015,13
01/04/2015,5
01/05/2015,8
01/06/2015,8
01/07/2015,15
01/08/2015,5
01/09/2015,6
01/10/2015,15
01/11/2015,14
01/12/2015,27
01/01/2015,150
01/02/2015,118
01/03/2015,70
01/04/2015,35
01/05/2015,26
01/06/2015,20
01/07/2015,46
01/08/2015,80
01/09/2015,75
01/10/2015,131
01/11/2015,151
01/12/2015,128
01/01/2015,46
01/02/2015,51
01/03/2015,28
01/04/2015,18
01/05/2015,12
01/06/2015,11
01/07/2015,26
01/08/2015,27
01/09/2015,17
01/10/2015,61
01/11/2015,56
01/12/2015,45
01/01/2015,81
01/02/2015,46
01/03/2015,41
01/04/2015,28
01/05/2015,25
01/06/2015,12
01/07/2015,21
01/08/2015,24
01/09/2015,24
01/10/2015,72
01/11/2015,43
01/12/2015,42
01/01/2015,614
01/02/2015,218
01/03/2015,113
01/04/2015,48
01/05/2015,66
01/06/2015,63
01/07/2015,69
01/08/2015,45
01/09/2015,51
01/10/2015,76
01/11/2015,216
01/12/2015,437
01/01/2015,18
01/02/2015,11
01/03/2015,3
01/04/2015,0
01/05/2015,2
01/06/2015,4
01/07/2015,9
01/08/2015,7
01/09/2015,7
01/10/2015,14
01/11/2015,11
01/12/2015,6
01/01/2015,50
01/02/2015,16
01/03/2015,2
01/04/2015,1
01/05/2015,4
01/06/2015,2
01/07/2015,1
01/08/2015,1
01/09/2015,2
01/10/2015,2
01/11/2015,4
01/12/2015,20
01/01/2015,32
01/02/2015,15
01/03/2015,8
01/04/2015,4
01/05/2015,15
01/06/2015,9
01/07/2015,5
01/08/2015,4
01/09/2015,11
01/10/2015,19
01/11/2015,16
01/12/2015,59
01/01/2015,36
01/02/2015,17
01/03/2015,8
01/04/2015,10
01/05/2015,12
01/06/2015,14
01/07/2015,13
01/08/2015,7
01/09/2015,2
01/10/2015,2
01/11/2015,6
01/12/2015,15
01/01/2015,335
01/02/2015,347
01/03/2015,210
01/04/2015,124
01/05/2015,139
01/06/2015,82
01/07/2015,65
01/08/2015,18
01/09/2015,8
01/10/2015,31
01/11/2015,40
01/12/2015,75
01/01/2015,10
01/02/2015,5
01/03/2015,6
01/04/2015,0
01/05/2015,5
01/06/2015,9
01/07/2015,4
01/08/2015,6
01/09/2015,5
01/10/2015,3
01/11/2015,3
01/12/2015,11
01/01/2015,131
01/02/2015,96
01/03/2015,59
01/04/2015,81
01/05/2015,65
01/06/2015,39
01/07/2015,30
01/08/2015,9
01/09/2015,8
01/10/2015,6
01/11/2015,15
01/12/2015,48
01/01/2015,329
01/02/2015,178
01/03/2015,108
01/04/2015,73
01/05/2015,62
01/06/2015,61
01/07/2015,82
01/08/2015,70
01/09/2015,27
01/10/2015,56
01/11/2015,107
01/12/2015,100
01/01/2015,256
01/02/2015,85
01/03/2015,34
01/04/2015,20
01/05/2015,32
01/06/2015,42
01/07/2015,65
01/08/2015,14
01/09/2015,12
01/10/2015,23
01/11/2015,77
01/12/2015,79
01/01/2015,122
01/02/2015,78
01/03/2015,27
01/04/2015,18
01/05/2015,12
01/06/2015,15
01/07/2015,18
01/08/2015,13
01/09/2015,14
01/10/2015,12
01/11/2015,29
01/12/2015,43
01/01/2015,47
01/02/2015,48
01/03/2015,13
01/04/2015,9
01/05/2015,12
01/06/2015,9
01/07/2015,18
01/08/2015,12
01/09/2015,8
01/10/2015,21
01/11/2015,25
01/12/2015,28
01/01/2015,195
01/02/2015,60
01/03/2015,30
01/04/2015,31
01/05/2015,22
01/06/2015,30
01/07/2015,33
01/08/2015,19
01/09/2015,10
01/10/2015,35
01/11/2015,54
01/12/2015,47
01/01/2015,46
01/02/2015,29
01/03/2015,15
01/04/2015,7
01/05/2015,7
01/06/2015,18
01/07/2015,16
01/08/2015,14
01/09/2015,2
01/10/2015,16
01/11/2015,23
01/12/2015,30
01/01/2015,163
01/02/2015,122
01/03/2015,90
01/04/2015,59
01/05/2015,70
01/06/2015,68
01/07/2015,105
01/08/2015,74
01/09/2015,46
01/10/2015,64
01/11/2015,93
01/12/2015,87
01/01/2015,104
01/02/2015,57
01/03/2015,36
01/04/2015,40
01/05/2015,54
01/06/2015,38
01/07/2015,50
01/08/2015,49
01/09/2015,36
01/10/2015,70
01/11/2015,80
01/12/2015,97
01/01/2015,228
01/02/2015,87
01/03/2015,29
01/04/2015,21
01/05/2015,29
01/06/2015,19
01/07/2015,13
01/08/2015,16
01/09/2015,14
01/10/2015,7
01/11/2015,22
01/12/2015,53
01/01/2016,2184
01/02/2016,1569
01/03/2016,1016
01/04/2016,942
01/05/2016,693
01/06/2016,1459
01/07/2016,3191
01/08/2016,1478
01/09/2016,939
01/10/2016,459
01/11/2016,460
01/12/2016,2377
01/01/2016,862
01/02/2016,615
01/03/2016,260
01/04/2016,276
01/05/2016,221
01/06/2016,555
01/07/2016,1625
01/08/2016,687
01/09/2016,526
01/10/2016,219
01/11/2016,220
01/12/2016,1107
01/01/2016,321
01/02/2016,294
01/03/2016,197
01/04/2016,312
01/05/2016,249
01/06/2016,343
01/07/2016,683
01/08/2016,293
01/09/2016,195
01/10/2016,106
01/11/2016,121
01/12/2016,388
01/01/2016,335
01/02/2016,207
01/03/2016,93
01/04/2016,109
01/05/2016,154
01/06/2016,504
01/07/2016,1226
01/08/2016,510
01/09/2016,347
01/10/2016,165
01/11/2016,112
01/12/2016,301
01/01/2016,51
01/02/2016,42
01/03/2016,33
01/04/2016,21
01/05/2016,29
01/06/2016,89
01/07/2016,348
01/08/2016,133
01/09/2016,135
01/10/2016,78
01/11/2016,66
01/12/2016,123
01/01/2016,44
01/02/2016,22
01/03/2016,20
01/04/2016,31
01/05/2016,18
01/06/2016,38
01/07/2016,111
01/08/2016,51
01/09/2016,25
01/10/2016,18
01/11/2016,12
01/12/2016,31
01/01/2016,276
01/02/2016,135
01/03/2016,110
01/04/2016,120
01/05/2016,118
01/06/2016,121
01/07/2016,467
01/08/2016,253
01/09/2016,288
01/10/2016,236
01/11/2016,281
01/12/2016,681
01/01/2016,97
01/02/2016,79
01/03/2016,47
01/04/2016,43
01/05/2016,42
01/06/2016,82
01/07/2016,176
01/08/2016,47
01/09/2016,57
01/10/2016,30
01/11/2016,47
01/12/2016,153
01/01/2016,139
01/02/2016,92
01/03/2016,43
01/04/2016,56
01/05/2016,35
01/06/2016,119
01/07/2016,282
01/08/2016,144
01/09/2016,115
01/10/2016,82
01/11/2016,86
01/12/2016,191
01/01/2016,687
01/02/2016,238
01/03/2016,150
01/04/2016,93
01/05/2016,58
01/06/2016,80
01/07/2016,226
01/08/2016,148
01/09/2016,121
01/10/2016,91
01/11/2016,135
01/12/2016,441
01/01/2016,15
01/02/2016,16
01/03/2016,5
01/04/2016,7
01/05/2016,4
01/06/2016,4
01/07/2016,8
01/08/2016,8
01/09/2016,3
01/10/2016,5
01/11/2016,1
01/12/2016,10
01/01/2016,42
01/02/2016,17
01/03/2016,3
01/04/2016,7
01/05/2016,16
01/06/2016,10
01/07/2016,10
01/08/2016,2
01/09/2016,12
01/10/2016,18
01/11/2016,17
01/12/2016,78
01/01/2016,69
01/02/2016,22
01/03/2016,19
01/04/2016,26
01/05/2016,13
01/06/2016,7
01/07/2016,30
01/08/2016,12
01/09/2016,20
01/10/2016,12
01/11/2016,5
01/12/2016,33
01/01/2016,29
01/02/2016,18
01/03/2016,19
01/04/2016,22
01/05/2016,9
01/06/2016,18
01/07/2016,22
01/08/2016,12
01/09/2016,7
01/10/2016,7
01/11/2016,7
01/12/2016,12
01/01/2016,124
01/02/2016,65
01/03/2016,34
01/04/2016,31
01/05/2016,20
01/06/2016,43
01/07/2016,69
01/08/2016,38
01/09/2016,31
01/10/2016,13
01/11/2016,18
01/12/2016,126
01/01/2016,38
01/02/2016,19
01/03/2016,18
01/04/2016,18
01/05/2016,7
01/06/2016,22
01/07/2016,61
01/08/2016,17
01/09/2016,20
01/10/2016,7
01/11/2016,4
01/12/2016,29
01/01/2016,102
01/02/2016,59
01/03/2016,42
01/04/2016,32
01/05/2016,28
01/06/2016,25
01/07/2016,35
01/08/2016,17
01/09/2016,14
01/10/2016,9
01/11/2016,8
01/12/2016,132
01/01/2016,241
01/02/2016,170
01/03/2016,105
01/04/2016,98
01/05/2016,194
01/06/2016,361
01/07/2016,598
01/08/2016,227
01/09/2016,125
01/10/2016,67
01/11/2016,110
01/12/2016,260
01/01/2016,206
01/02/2016,160
01/03/2016,63
01/04/2016,74
01/05/2016,53
01/06/2016,87
01/07/2016,144
01/08/2016,89
01/09/2016,47
01/10/2016,17
01/11/2016,26
01/12/2016,80
01/01/2016,98
01/02/2016,65
01/03/2016,33
01/04/2016,50
01/05/2016,29
01/06/2016,40
01/07/2016,137
01/08/2016,91
01/09/2016,70
01/10/2016,28
01/11/2016,30
01/12/2016,60
01/01/2016,60
01/02/2016,48
01/03/2016,24
01/04/2016,33
01/05/2016,20
01/06/2016,31
01/07/2016,110
01/08/2016,38
01/09/2016,27
01/10/2016,22
01/11/2016,23
01/12/2016,43
01/01/2016,85
01/02/2016,40
01/03/2016,55
01/04/2016,43
01/05/2016,32
01/06/2016,107
01/07/2016,169
01/08/2016,72
01/09/2016,127
01/10/2016,200
01/11/2016,105
01/12/2016,150
01/01/2016,58
01/02/2016,32
01/03/2016,23
01/04/2016,31
01/05/2016,18
01/06/2016,24
01/07/2016,70
01/08/2016,59
01/09/2016,46
01/10/2016,18
01/11/2016,29
01/12/2016,67
01/01/2016,211
01/02/2016,135
01/03/2016,169
01/04/2016,237
01/05/2016,241
01/06/2016,395
01/07/2016,681
01/08/2016,275
01/09/2016,196
01/10/2016,139
01/11/2016,143
01/12/2016,308
01/01/2016,198
01/02/2016,153
01/03/2016,66
01/04/2016,90
01/05/2016,100
01/06/2016,149
01/07/2016,210
01/08/2016,153
01/09/2016,104
01/10/2016,82
01/11/2016,60
01/12/2016,148
01/01/2016,122
01/02/2016,127
01/03/2016,49
01/04/2016,30
01/05/2016,21
01/06/2016,18
01/07/2016,26
01/08/2016,19
01/09/2016,32
01/10/2016,57
01/11/2016,131
01/12/2016,348
01/01/2017,2734
01/02/2017,1900
01/03/2017,2467
01/04/2017,2570
01/05/2017,3333
01/06/2017,5372
01/07/2017,7471
01/08/2017,3620
01/09/2017,1251
01/10/2017,823
01/11/2017,1131
01/12/2017,1602
01/01/2017,1635
01/02/2017,1087
01/03/2017,1870
01/04/2017,2072
01/05/2017,3168
01/06/2017,4901
01/07/2017,9039
01/08/2017,3553
01/09/2017,1246
01/10/2017,779
01/11/2017,1078
01/12/2017,1219
01/01/2017,581
01/02/2017,448
01/03/2017,836
01/04/2017,739
01/05/2017,946
01/06/2017,1248
01/07/2017,2612
01/08/2017,1477
01/09/2017,663
01/10/2017,337
01/11/2017,528
01/12/2017,546
01/01/2017,252
01/02/2017,207
01/03/2017,369
01/04/2017,443
01/05/2017,862
01/06/2017,2314
01/07/2017,3855
01/08/2017,2354
01/09/2017,1090
01/10/2017,821
01/11/2017,884
01/12/2017,957
01/01/2017,129
01/02/2017,103
01/03/2017,145
01/04/2017,120
01/05/2017,165
01/06/2017,436
01/07/2017,766
01/08/2017,534
01/09/2017,167
01/10/2017,177
01/11/2017,214
01/12/2017,215
01/01/2017,50
01/02/2017,32
01/03/2017,42
01/04/2017,37
01/05/2017,57
01/06/2017,94
01/07/2017,294
01/08/2017,159
01/09/2017,39
01/10/2017,27
01/11/2017,22
01/12/2017,39
01/01/2017,872
01/02/2017,567
01/03/2017,424
01/04/2017,265
01/05/2017,394
01/06/2017,623
01/07/2017,1072
01/08/2017,877
01/09/2017,369
01/10/2017,163
01/11/2017,300
01/12/2017,339
01/01/2017,301
01/02/2017,225
01/03/2017,339
01/04/2017,333
01/05/2017,272
01/06/2017,384
01/07/2017,529
01/08/2017,359
01/09/2017,237
01/10/2017,174
01/11/2017,244
01/12/2017,181
01/01/2017,431
01/02/2017,382
01/03/2017,337
01/04/2017,354
01/05/2017,488
01/06/2017,581
01/07/2017,1789
01/08/2017,1029
01/09/2017,403
01/10/2017,174
01/11/2017,181
01/12/2017,182
01/01/2017,625
01/02/2017,478
01/03/2017,863
01/04/2017,499
01/05/2017,301
01/06/2017,288
01/07/2017,376
01/08/2017,290
01/09/2017,341
01/10/2017,593
01/11/2017,509
01/12/2017,912
01/01/2017,55
01/02/2017,84
01/03/2017,35
01/04/2017,46
01/05/2017,21
01/06/2017,21
01/07/2017,90
01/08/2017,59
01/09/2017,30
01/10/2017,17
01/11/2017,28
01/12/2017,32
01/01/2017,147
01/02/2017,91
01/03/2017,65
01/04/2017,90
01/05/2017,60
01/06/2017,23
01/07/2017,23
01/08/2017,5
01/09/2017,3
01/10/2017,6
01/11/2017,8
01/12/2017,22
01/01/2017,58
01/02/2017,76
01/03/2017,143
01/04/2017,83
01/05/2017,65
01/06/2017,81
01/07/2017,137
01/08/2017,92
01/09/2017,52
01/10/2017,48
01/11/2017,97
01/12/2017,143
01/01/2017,37
01/02/2017,32
01/03/2017,21
01/04/2017,16
01/05/2017,27
01/06/2017,37
01/07/2017,71
01/08/2017,50
01/09/2017,23
01/10/2017,16
01/11/2017,24
01/12/2017,40
01/01/2017,217
01/02/2017,465
01/03/2017,828
01/04/2017,1182
01/05/2017,869
01/06/2017,465
01/07/2017,273
01/08/2017,197
01/09/2017,143
01/10/2017,140
01/11/2017,271
01/12/2017,556
01/01/2017,51
01/02/2017,51
01/03/2017,59
01/04/2017,72
01/05/2017,75
01/06/2017,105
01/07/2017,225
01/08/2017,100
01/09/2017,62
01/10/2017,41
01/11/2017,33
01/12/2017,60
01/01/2017,387
01/02/2017,661
01/03/2017,2114
01/04/2017,936
01/05/2017,158
01/06/2017,136
01/07/2017,154
01/08/2017,99
01/09/2017,68
01/10/2017,70
01/11/2017,105
01/12/2017,120
01/01/2017,403
01/02/2017,381
01/03/2017,505
01/04/2017,629
01/05/2017,1281
01/06/2017,2030
01/07/2017,2300
01/08/2017,1487
01/09/2017,576
01/10/2017,368
01/11/2017,747
01/12/2017,562
01/01/2017,196
01/02/2017,132
01/03/2017,212
01/04/2017,318
01/05/2017,612
01/06/2017,783
01/07/2017,1304
01/08/2017,1192
01/09/2017,419
01/10/2017,501
01/11/2017,1037
01/12/2017,1135
01/01/2017,166
01/02/2017,147
01/03/2017,255
01/04/2017,193
01/05/2017,249
01/06/2017,378
01/07/2017,709
01/08/2017,299
01/09/2017,96
01/10/2017,79
01/11/2017,153
01/12/2017,191
01/01/2017,54
01/02/2017,64
01/03/2017,98
01/04/2017,172
01/05/2017,160
01/06/2017,190
01/07/2017,320
01/08/2017,104
01/09/2017,54
01/10/2017,56
01/11/2017,65
01/12/2017,73
01/01/2017,226
01/02/2017,130
01/03/2017,139
01/04/2017,167
01/05/2017,186
01/06/2017,400
01/07/2017,1220
01/08/2017,490
01/09/2017,273
01/10/2017,159
01/11/2017,174
01/12/2017,178
01/01/2017,97
01/02/2017,97
01/03/2017,112
01/04/2017,126
01/05/2017,164
01/06/2017,449
01/07/2017,569
01/08/2017,348
01/09/2017,300
01/10/2017,357
01/11/2017,334
01/12/2017,291
01/01/2017,439
01/02/2017,360
01/03/2017,507
01/04/2017,519
01/05/2017,1161
01/06/2017,1908
01/07/2017,3175
01/08/2017,1661
01/09/2017,740
01/10/2017,265
01/11/2017,255
01/12/2017,306
01/01/2017,210
01/02/2017,230
01/03/2017,377
01/04/2017,332
01/05/2017,700
01/06/2017,1945
01/07/2017,2551
01/08/2017,1684
01/09/2017,746
01/10/2017,264
01/11/2017,250
01/12/2017,269
01/01/2017,574
01/02/2017,294
01/03/2017,378
01/04/2017,197
01/05/2017,162
01/06/2017,127
01/07/2017,197
01/08/2017,151
01/09/2017,128
01/10/2017,159
01/11/2017,196
01/12/2017,583
01/01/2018,1177
01/02/2018,622
01/03/2018,475
01/04/2018,403
01/05/2018,615
01/06/2018,1292
01/07/2018,1568
01/08/2018,1037
01/09/2018,387
01/10/2018,372
01/11/2018,977
01/12/2018,1333
01/01/2018,711
01/02/2018,404
01/03/2018,239
01/04/2018,175
01/05/2018,233
01/06/2018,668
01/07/2018,852
01/08/2018,661
01/09/2018,350
01/10/2018,237
01/11/2018,590
01/12/2018,737
01/01/2018,431
01/02/2018,314
01/03/2018,305
01/04/2018,136
01/05/2018,169
01/06/2018,327
01/07/2018,422
01/08/2018,262
01/09/2018,119
01/10/2018,87
01/11/2018,233
01/12/2018,350
01/01/2018,481
01/02/2018,271
01/03/2018,181
01/04/2018,140
01/05/2018,296
01/06/2018,411
01/07/2018,494
01/08/2018,393
01/09/2018,273
01/10/2018,193
01/11/2018,360
01/12/2018,339
01/01/2018,139
01/02/2018,69
01/03/2018,68
01/04/2018,71
01/05/2018,117
01/06/2018,88
01/07/2018,121
01/08/2018,81
01/09/2018,26
01/10/2018,23
01/11/2018,43
01/12/2018,60
01/01/2018,23
01/02/2018,16
01/03/2018,10
01/04/2018,15
01/05/2018,15
01/06/2018,15
01/07/2018,37
01/08/2018,23
01/09/2018,11
01/10/2018,13
01/11/2018,14
01/12/2018,15
01/01/2018,170
01/02/2018,127
01/03/2018,71
01/04/2018,54
01/05/2018,54
01/06/2018,88
01/07/2018,133
01/08/2018,62
01/09/2018,33
01/10/2018,34
01/11/2018,66
01/12/2018,84
01/01/2018,126
01/02/2018,120
01/03/2018,125
01/04/2018,61
01/05/2018,21
01/06/2018,58
01/07/2018,103
01/08/2018,78
01/09/2018,31
01/10/2018,48
01/11/2018,100
01/12/2018,101
01/01/2018,136
01/02/2018,120
01/03/2018,95
01/04/2018,50
01/05/2018,41
01/06/2018,43
01/07/2018,152
01/08/2018,159
01/09/2018,75
01/10/2018,47
01/11/2018,89
01/12/2018,141
01/01/2018,637
01/02/2018,314
01/03/2018,206
01/04/2018,86
01/05/2018,100
01/06/2018,439
01/07/2018,301
01/08/2018,201
01/09/2018,115
01/10/2018,203
01/11/2018,525
01/12/2018,931
01/01/2018,38
01/02/2018,30
01/03/2018,29
01/04/2018,18
01/05/2018,20
01/06/2018,45
01/07/2018,33
01/08/2018,27
01/09/2018,34
01/10/2018,9
01/11/2018,32
01/12/2018,27
01/01/2018,12
01/02/2018,2
01/03/2018,6
01/04/2018,5
01/05/2018,2
01/06/2018,9
01/07/2018,111
01/08/2018,39
01/09/2018,4
01/10/2018,6
01/11/2018,6
01/12/2018,22
01/01/2018,71
01/02/2018,46
01/03/2018,50
01/04/2018,24
01/05/2018,24
01/06/2018,89
01/07/2018,86
01/08/2018,75
01/09/2018,23
01/10/2018,22
01/11/2018,43
01/12/2018,50
01/01/2018,10
01/02/2018,9
01/03/2018,6
01/04/2018,4
01/05/2018,5
01/06/2018,17
01/07/2018,17
01/08/2018,18
01/09/2018,7
01/10/2018,8
01/11/2018,7
01/12/2018,10
01/01/2018,598
01/02/2018,496
01/03/2018,548
01/04/2018,577
01/05/2018,808
01/06/2018,689
01/07/2018,330
01/08/2018,156
01/09/2018,81
01/10/2018,116
01/11/2018,227
01/12/2018,217
01/01/2018,24
01/02/2018,14
01/03/2018,14
01/04/2018,8
01/05/2018,6
01/06/2018,47
01/07/2018,60
01/08/2018,20
01/09/2018,7
01/10/2018,8
01/11/2018,25
01/12/2018,16
01/01/2018,100
01/02/2018,91
01/03/2018,63
01/04/2018,65
01/05/2018,119
01/06/2018,218
01/07/2018,175
01/08/2018,75
01/09/2018,23
01/10/2018,13
01/11/2018,97
01/12/2018,176
01/01/2018,505
01/02/2018,309
01/03/2018,176
01/04/2018,101
01/05/2018,120
01/06/2018,183
01/07/2018,284
01/08/2018,210
01/09/2018,92
01/10/2018,68
01/11/2018,220
01/12/2018,196
01/01/2018,537
01/02/2018,270
01/03/2018,124
01/04/2018,61
01/05/2018,103
01/06/2018,96
01/07/2018,150
01/08/2018,31
01/09/2018,65
01/10/2018,107
01/11/2018,301
01/12/2018,165
01/01/2018,107
01/02/2018,122
01/03/2018,62
01/04/2018,47
01/05/2018,76
01/06/2018,86
01/07/2018,136
01/08/2018,68
01/09/2018,32
01/10/2018,26
01/11/2018,63
01/12/2018,59
01/01/2018,45
01/02/2018,21
01/03/2018,20
01/04/2018,25
01/05/2018,25
01/06/2018,28
01/07/2018,51
01/08/2018,26
01/09/2018,18
01/10/2018,8
01/11/2018,24
01/12/2018,34
01/01/2018,76
01/02/2018,40
01/03/2018,28
01/04/2018,32
01/05/2018,27
01/06/2018,58
01/07/2018,74
01/08/2018,72
01/09/2018,39
01/10/2018,39
01/11/2018,64
01/12/2018,64
01/01/2018,185
01/02/2018,120
01/03/2018,81
01/04/2018,47
01/05/2018,50
01/06/2018,79
01/07/2018,72
01/08/2018,70
01/09/2018,33
01/10/2018,29
01/11/2018,34
01/12/2018,54
01/01/2018,178
01/02/2018,199
01/03/2018,154
01/04/2018,169
01/05/2018,259
01/06/2018,229
01/07/2018,373
01/08/2018,207
01/09/2018,78
01/10/2018,79
01/11/2018,163
01/12/2018,158
01/01/2018,188
01/02/2018,114
01/03/2018,104
01/04/2018,96
01/05/2018,107
01/06/2018,132
01/07/2018,200
01/08/2018,165
01/09/2018,57
01/10/2018,77
01/11/2018,157
01/12/2018,137
01/01/2018,573
01/02/2018,230
01/03/2018,140
01/04/2018,148
01/05/2018,148
01/06/2018,79
01/07/2018,120
01/08/2018,77
01/09/2018,36
01/10/2018,33
01/11/2018,77
01/12/2018,105
01/01/2019,1225
01/02/2019,792
01/03/2019,815
01/04/2019,579
01/05/2019,866
01/06/2019,1126
01/07/2019,1857
01/08/2019,1903
01/09/2019,1462
01/10/2019,2593
01/11/2019,4217
01/12/2019,3283
01/01/2019,724
01/02/2019,466
01/03/2019,511
01/04/2019,429
01/05/2019,569
01/06/2019,890
01/07/2019,1760
01/08/2019,2059
01/09/2019,1515
01/10/2019,2070
01/11/2019,3154
01/12/2019,2426
01/01/2019,372
01/02/2019,202
01/03/2019,250
01/04/2019,219
01/05/2019,384
01/06/2019,749
01/07/2019,1136
01/08/2019,1095
01/09/2019,737
01/10/2019,988
01/11/2019,1310
01/12/2019,953
01/01/2019,288
01/02/2019,229
01/03/2019,231
01/04/2019,192
01/05/2019,296
01/06/2019,289
01/07/2019,515
01/08/2019,677
01/09/2019,784
01/10/2019,1502
01/11/2019,2444
01/12/2019,1493
01/01/2019,62
01/02/2019,54
01/03/2019,58
01/04/2019,17
01/05/2019,30
01/06/2019,54
01/07/2019,60
01/08/2019,73
01/09/2019,62
01/10/2019,275
01/11/2019,902
01/12/2019,798
01/01/2019,26
01/02/2019,17
01/03/2019,12
01/04/2019,7
01/05/2019,19
01/06/2019,22
01/07/2019,33
01/08/2019,31
01/09/2019,32
01/10/2019,52
01/11/2019,97
01/12/2019,90
01/01/2019,132
01/02/2019,123
01/03/2019,156
01/04/2019,207
01/05/2019,772
01/06/2019,1155
01/07/2019,1055
01/08/2019,956
01/09/2019,470
01/10/2019,536
01/11/2019,993
01/12/2019,823
01/01/2019,140
01/02/2019,91
01/03/2019,80
01/04/2019,81
01/05/2019,109
01/06/2019,124
01/07/2019,272
01/08/2019,271
01/09/2019,199
01/10/2019,224
01/11/2019,263
01/12/2019,195
01/01/2019,219
01/02/2019,133
01/03/2019,101
01/04/2019,106
01/05/2019,130
01/06/2019,291
01/07/2019,583
01/08/2019,717
01/09/2019,383
01/10/2019,493
01/11/2019,543
01/12/2019,355
01/01/2019,900
01/02/2019,454
01/03/2019,268
01/04/2019,161
01/05/2019,123
01/06/2019,59
01/07/2019,90
01/08/2019,110
01/09/2019,154
01/10/2019,538
01/11/2019,2641
01/12/2019,2763
01/01/2019,34
01/02/2019,23
01/03/2019,16
01/04/2019,11
01/05/2019,12
01/06/2019,9
01/07/2019,11
01/08/2019,5
01/09/2019,13
01/10/2019,22
01/11/2019,99
01/12/2019,141
01/01/2019,27
01/02/2019,16
01/03/2019,14
01/04/2019,9
01/05/2019,6
01/06/2019,3
01/07/2019,1
01/08/2019,2
01/09/2019,1
01/10/2019,22
01/11/2019,40
01/12/2019,130
01/01/2019,41
01/02/2019,44
01/03/2019,57
01/04/2019,16
01/05/2019,15
01/06/2019,11
01/07/2019,17
01/08/2019,15
01/09/2019,28
01/10/2019,60
01/11/2019,262
01/12/2019,306
01/01/2019,47
01/02/2019,31
01/03/2019,12
01/04/2019,3
01/05/2019,10
01/06/2019,1
01/07/2019,10
01/08/2019,7
01/09/2019,1
01/10/2019,18
01/11/2019,56
01/12/2019,72
01/01/2019,191
01/02/2019,195
01/03/2019,218
01/04/2019,128
01/05/2019,101
01/06/2019,74
01/07/2019,84
01/08/2019,96
01/09/2019,66
01/10/2019,164
01/11/2019,511
01/12/2019,1020
01/01/2019,25
01/02/2019,18
01/03/2019,37
01/04/2019,12
01/05/2019,11
01/06/2019,24
01/07/2019,26
01/08/2019,33
01/09/2019,24
01/10/2019,37
01/11/2019,60
01/12/2019,81
01/01/2019,157
01/02/2019,106
01/03/2019,164
01/04/2019,148
01/05/2019,108
01/06/2019,97
01/07/2019,105
01/08/2019,52
01/09/2019,45
01/10/2019,85
01/11/2019,536
01/12/2019,1366
01/01/2019,215
01/02/2019,147
01/03/2019,148
01/04/2019,119
01/05/2019,121
01/06/2019,134
01/07/2019,259
01/08/2019,263
01/09/2019,195
01/10/2019,350
01/11/2019,612
01/12/2019,655
01/01/2019,79
01/02/2019,60
01/03/2019,52
01/04/2019,29
01/05/2019,33
01/06/2019,92
01/07/2019,137
01/08/2019,150
01/09/2019,159
01/10/2019,355
01/11/2019,624
01/12/2019,487
01/01/2019,64
01/02/2019,53
01/03/2019,51
01/04/2019,34
01/05/2019,36
01/06/2019,62
01/07/2019,78
01/08/2019,103
01/09/2019,54
01/10/2019,105
01/11/2019,254
01/12/2019,270
01/01/2019,39
01/02/2019,19
01/03/2019,25
01/04/2019,21
01/05/2019,23
01/06/2019,40
01/07/2019,49
01/08/2019,43
01/09/2019,36
01/10/2019,51
01/11/2019,108
01/12/2019,107
01/01/2019,79
01/02/2019,68
01/03/2019,73
01/04/2019,45
01/05/2019,41
01/06/2019,88
01/07/2019,113
01/08/2019,144
01/09/2019,126
01/10/2019,230
01/11/2019,490
01/12/2019,425
01/01/2019,60
01/02/2019,38
01/03/2019,49
01/04/2019,39
01/05/2019,29
01/06/2019,59
01/07/2019,48
01/08/2019,11
01/09/2019,0
01/10/2019,0
01/11/2019,0
01/12/2019,0
01/01/2019,177
01/02/2019,165
01/03/2019,210
01/04/2019,176
01/05/2019,235
01/06/2019,347
01/07/2019,354
01/08/2019,439
01/09/2019,415
01/10/2019,425
01/11/2019,687
01/12/2019,456
01/01/2019,150
01/02/2019,98
01/03/2019,109
01/04/2019,90
01/05/2019,114
01/06/2019,171
01/07/2019,215
01/08/2019,258
01/09/2019,317
01/10/2019,332
01/11/2019,494
01/12/2019,368
01/01/2019,107
01/02/2019,94
01/03/2019,115
01/04/2019,92
01/05/2019,67
01/06/2019,48
01/07/2019,29
01/08/2019,33
01/09/2019,29
01/10/2019,46
01/11/2019,372
01/12/2019,497
01/01/2020,1693
01/02/2020,767
01/03/2020,235
01/04/2020,30
01/05/2020,189
01/06/2020,294
01/07/2020,324
01/08/2020,231
01/09/2020,192
01/10/2020,151
01/11/2020,59
01/12/2020,92
01/01/2020,1049
01/02/2020,452
01/03/2020,128
01/04/2020,36
01/05/2020,95
01/06/2020,188
01/07/2020,175
01/08/2020,216
01/09/2020,177
01/10/2020,45
01/11/2020,53
01/12/2020,52
01/01/2020,536
01/02/2020,273
01/03/2020,112
01/04/2020,46
01/05/2020,111
01/06/2020,250
01/07/2020,177
01/08/2020,101
01/09/2020,82
01/10/2020,37
01/11/2020,33
01/12/2020,52
01/01/2020,674
01/02/2020,290
01/03/2020,114
01/04/2020,36
01/05/2020,230
01/06/2020,449
01/07/2020,595
01/08/2020,406
01/09/2020,275
01/10/2020,205
01/11/2020,124
01/12/2020,45
01/01/2020,276
01/02/2020,110
01/03/2020,44
01/04/2020,9
01/05/2020,23
01/06/2020,25
01/07/2020,36
01/08/2020,19
01/09/2020,15
01/10/2020,14
01/11/2020,14
01/12/2020,10
01/01/2020,77
01/02/2020,28
01/03/2020,16
01/04/2020,1
01/05/2020,2
01/06/2020,11
01/07/2020,14
01/08/2020,9
01/09/2020,8
01/10/2020,1
01/11/2020,0
01/12/2020,1
01/01/2020,651
01/02/2020,249
01/03/2020,63
01/04/2020,41
01/05/2020,233
01/06/2020,149
01/07/2020,101
01/08/2020,60
01/09/2020,67
01/10/2020,27
01/11/2020,17
01/12/2020,13
01/01/2020,156
01/02/2020,78
01/03/2020,24
01/04/2020,6
01/05/2020,11
01/06/2020,15
01/07/2020,24
01/08/2020,17
01/09/2020,12
01/10/2020,10
01/11/2020,6
01/12/2020,9
01/01/2020,227
01/02/2020,120
01/03/2020,21
01/04/2020,6
01/05/2020,21
01/06/2020,27
01/07/2020,39
01/08/2020,17
01/09/2020,15
01/10/2020,27
01/11/2020,17
01/12/2020,8
01/01/2020,1061
01/02/2020,490
01/03/2020,154
01/04/2020,38
01/05/2020,112
01/06/2020,58
01/07/2020,51
01/08/2020,26
01/09/2020,55
01/10/2020,52
01/11/2020,21
01/12/2020,39
01/01/2020,64
01/02/2020,31
01/03/2020,8
01/04/2020,1
01/05/2020,1
01/06/2020,11
01/07/2020,6
01/08/2020,3
01/09/2020,1
01/10/2020,3
01/11/2020,5
01/12/2020,1
01/01/2020,90
01/02/2020,25
01/03/2020,2
01/04/2020,1
01/05/2020,1
01/06/2020,3
01/07/2020,8
01/08/2020,3
01/09/2020,1
01/10/2020,0
01/11/2020,0
01/12/2020,3
01/01/2020,139
01/02/2020,72
01/03/2020,15
01/04/2020,5
01/05/2020,4
01/06/2020,4
01/07/2020,7
01/08/2020,2
01/09/2020,1
01/10/2020,0
01/11/2020,2
01/12/2020,1
01/01/2020,58
01/02/2020,15
01/03/2020,2
01/04/2020,1
01/05/2020,1
01/06/2020,2
01/07/2020,2
01/08/2020,3
01/09/2020,1
01/10/2020,0
01/11/2020,1
01/12/2020,4
01/01/2020,1088
01/02/2020,650
01/03/2020,222
01/04/2020,86
01/05/2020,84
01/06/2020,69
01/07/2020,78
01/08/2020,40
01/09/2020,48
01/10/2020,236
01/11/2020,276
01/12/2020,840
01/01/2020,152
01/02/2020,88
01/03/2020,39
01/04/2020,3
01/05/2020,6
01/06/2020,10
01/07/2020,5
01/08/2020,4
01/09/2020,3
01/10/2020,3
01/11/2020,5
01/12/2020,0
01/01/2020,1455
01/02/2020,569
01/03/2020,143
01/04/2020,40
01/05/2020,33
01/06/2020,13
01/07/2020,17
01/08/2020,5
01/09/2020,3
01/10/2020,5
01/11/2020,5
01/12/2020,8
01/01/2020,421
01/02/2020,174
01/03/2020,55
01/04/2020,7
01/05/2020,18
01/06/2020,62
01/07/2020,57
01/08/2020,69
01/09/2020,30
01/10/2020,34
01/11/2020,11
01/12/2020,31
01/01/2020,224
01/02/2020,83
01/03/2020,36
01/04/2020,5
01/05/2020,24
01/06/2020,21
01/07/2020,24
01/08/2020,35
01/09/2020,10
01/10/2020,13
01/11/2020,11
01/12/2020,14
01/01/2020,184
01/02/2020,95
01/03/2020,44
01/04/2020,8
01/05/2020,9
01/06/2020,26
01/07/2020,19
01/08/2020,9
01/09/2020,12
01/10/2020,11
01/11/2020,6
01/12/2020,10
01/01/2020,81
01/02/2020,77
01/03/2020,23
01/04/2020,2
01/05/2020,7
01/06/2020,20
01/07/2020,10
01/08/2020,4
01/09/2020,7
01/10/2020,12
01/11/2020,3
01/12/2020,5
01/01/2020,230
01/02/2020,91
01/03/2020,33
01/04/2020,9
01/05/2020,15
01/06/2020,30
01/07/2020,23
01/08/2020,21
01/09/2020,14
01/10/2020,12
01/11/2020,17
01/12/2020,30
01/01/2020,0
01/02/2020,0
01/03/2020,0
01/04/2020,0
01/05/2020,0
01/06/2020,0
01/07/2020,0
01/08/2020,0
01/09/2020,0
01/10/2020,0
01/11/2020,0
01/12/2020,0
01/01/2020,296
01/02/2020,206
01/03/2020,69
01/04/2020,47
01/05/2020,223
01/06/2020,398
01/07/2020,381
01/08/2020,174
01/09/2020,90
01/10/2020,65
01/11/2020,47
01/12/2020,18
01/01/2020,196
01/02/2020,107
01/03/2020,42
01/04/2020,17
01/05/2020,84
01/06/2020,100
01/07/2020,102
01/08/2020,64
01/09/2020,55
01/10/2020,37
01/11/2020,39
01/12/2020,22
01/01/2020,530
01/02/2020,228
01/03/2020,39
01/04/2020,30
01/05/2020,11
01/06/2020,17
01/07/2020,13
01/08/2020,21
01/09/2020,40
01/10/2020,30
01/11/2020,9
01/12/2020,12
